교육자,교육시작일,교육종료일,과정명,교육기관,수강상태
교육자 1,2024-12-02,2024-12-06,2023년 본사 산업안전 관리감독자 교육(1차),대한산업안전협회,수료
교육자 1,2024-07-22,2024-07-26,Cross-Cultural Understanding : Czech [원격],삼성멀티캠퍼스,수료
교육자 2,2023-06-21,2023-08-31,디지털 피닉스 정기교육,한국수력원자력,수료
교육자 2,2024-08-06,2024-08-09,생성형AI TF 역량강화 교육,경희대학교,수료
교육자 2,2024-01-23,2024-01-23,건설사업관리(PM) 기본역량과정(온라인)-6차,한국피엠오협회(KPMOA),수료
교육자 2,2023-10-18,2023-10-20,IoT 취약점 분석과 보안,인재개발원,수료
교육자 3,2023-09-22,2023-09-24,신임차장 리더십,한국정보화진흥원,수료
교육자 3,2023-07-18,2023-07-18,CO All: SAP Management Accounting,한국생산성 본부,수료
교육자 3,2024-08-14,2024-08-14,OJT-1(한빛2발/사무)23년2차 대졸,인재개발원,수강
교육자 4,2024-09-25,2024-09-25,어플리케이션 중심의 Fabric 통합 모니터링 방안,한국수력원자력,수료
교육자 4,2023-02-16,2023-02-16,경수로(웨스팅하우스형 1000MWe) 원자로조종 면허보수교육(실습6회차),(주)웰스텍,수료
교육자 4,2023-09-20,2023-09-21,PMO 전문가 과정(19기),Gartner,수료
교육자 4,2024-06-20,2024-06-21,신임차장 리더십,인재개발원,수료
교육자 4,2023-10-18,2023-10-18,초급 계통운영반(온라인),한국전력거래소,수료
교육자 5,2023-12-11,2023-12-22,PMBOK기반의 프로젝트관리전문가(PMP),한울훈련센터,수료
교육자 5,2023-05-25,2023-05-26,디지털 피닉스 정기교육,한국수력원자력,수강
교육자 6,2024-04-22,2024-04-23,신입원자력기초,Gartner,수료
교육자 6,2024-09-10,2024-09-13,디지털 피닉스 정기교육(10월),한국수력원자력,수료
교육자 6,2023-09-01,2023-12-15,(2024년 자기주도) 스마트플랜트 구축 및 해외원전 수출을 위한 최신ICT 기술습득,NAWAH,수료
교육자 7,2023-06-13,2023-06-16,2023 3차 워크라이프 하모니 교육(온가족(부모동반)과정),한국수력원자력,수료
교육자 7,2023-08-08,2023-08-08,업무자동화(RPA) 과제 개발 및 운영자 양성과정,한국생산성 본부,수료
교육자 8,2024-01-23,2024-01-23,생성형AI TF 역량강화 교육,경희대학교,수료
교육자 8,2024-12-18,2024-12-19,디지털 피닉스 정기교육(10월),인재개발원,수료
교육자 9,2023-04-03,2023-04-03,(해외위탁교육)ICT분야 신기술 업무 활용을 위한 전문인력 양성,이음길HR,수료
교육자 9,2024-05-21,2024-05-21,보고서 작성 실무,한국바른채용인증원,수료
교육자 9,2023-03-16,2023-03-16,IoT 취약점 분석과 보안,한국생산성 본부,수료
교육자 9,2024-01-23,2024-01-23,디지털전환(DX) 실무,인재개발원,수료
교육자 9,2024-11-07,2024-11-08,생성형AI TF 대상 네이버클라우드 심화교육,네이버,수료
교육자 10,2023-09-21,2023-09-21,OJT-2(한빛본부/사무)23년02차 대졸 신입사원,인재개발원,수료
교육자 10,2024-01-23,2024-01-23,신임차장 리더십,인재개발원,수료
교육자 10,2024-12-02,2024-12-06,찾아가는 팀소통,인재개발원,수강
교육자 11,2023-08-21,2023-08-21,2023년 본사 산업안전 관리감독자 교육(2차),한국바른채용인증원,수료
교육자 11,2024-12-18,2024-12-19,생성형AI TF 역량강화 교육,경희대학교,수강
교육자 11,2023-10-18,2023-10-18,신임처장 리더십[e-learning혼합교육],인재개발원,수료
교육자 11,2024-09-25,2024-09-25,네잎클로바 9월 정기교육,한국수력원자력,수료
교육자 11,2024-06-20,2024-06-21,Visualizing PI System Data,대한산업안전협회,수료
교육자 11,2023-09-20,2023-09-21,신입사원 입문 II,한국생산성 본부,수료
교육자 12,2024-03-27,2024-03-29,"2024년도 제7차 워크라이프 하모니 교육(6월, 1인과정)",한국전력거래소,수료
교육자 12,2023-12-11,2023-12-13,생성형AI TF 역량강화 교육,경희대학교,수강
교육자 12,2023-03-27,2023-03-30,2024년 퇴직예정자 6차 『진로별 기본교육』,인재개발원,수료
교육자 12,2023-09-07,2023-09-08,(2024년 자기주도) 스마트플랜트 구축 및 해외원전 수출을 위한 최신ICT 기술습득,NAWAH,수료
교육자 12,2023-08-21,2023-08-23,신입원자력기초,인재개발원,수료
교육자 13,2024-04-22,2024-04-23,2024년 본사 산업안전 관리감독자 교육(2차),이음길HR,수료
교육자 13,2024-01-04,2024-01-05,2023 1차 워크라이프 하모니 교육(부부 과정),행정안전부,수료
교육자 13,2024-12-18,2024-12-19,신임차장 리더십,인재개발원,수료
교육자 14,2023-05-25,2023-05-26,생성형AI TF 역량강화 교육,경희대학교,수료
교육자 14,2023-10-23,2023-10-26,2023년 1회차 핵심전문가 직무개선과제 해결 과정,SAP Korea,수료
교육자 15,2023-10-18,2023-10-18,(감사일반) 감사증거법,감사교육원,수료
교육자 15,2024-12-18,2024-12-19,Cross-Cultural Understanding : Czech [원격],한미글로벌,수료
교육자 15,2023-09-20,2023-09-21,디지털 피닉스 정기교육(10월),한국수력원자력,수료
교육자 15,2024-06-20,2024-06-21,태양광 발전소 관리운영 전문가 초청 교육,이음길HR,수료
교육자 15,2023-02-16,2023-02-16,업무에 바로 쓰는 SQL 활용실습,플랜비디자인,수료
교육자 15,2024-09-25,2024-09-25,신임처장 리더십[e-learning혼합교육],인재개발원,수료
교육자 16,2023-10-30,2023-10-31,네잎클로바 9월 정기교육,한국수력원자력,수료
교육자 16,2023-11-08,2023-11-10,(감사일반) 사전컨설팅제도,감사교육원,수료
교육자 16,2024-12-02,2024-12-20,찾아가는 팀소통,인재개발원,수강
교육자 17,2023-06-26,2023-06-26,생성형AI TF 역량강화 교육,경희대학교,수료
교육자 17,2023-07-10,2023-07-14,어플리케이션 중심의 Fabric 통합 모니터링 방안,한국수력원자력,수료
교육자 17,2023-12-13,2023-12-15,엑셀 데이터 분석 및 보고서 활용 교육,인재개발원,수료
교육자 17,2024-01-23,2024-01-23,디지털 피닉스 정기교육,한국수력원자력,수료
교육자 18,2024-06-20,2024-06-21,한울 인적행위향상 기초,한국생산성본부,수료
교육자 18,2024-04-22,2024-04-23,어플리케이션 중심의 Fabric 통합 모니터링 방안,한국수력원자력,수료
교육자 18,2023-10-31,2023-10-31,2023년 본사 산업안전 관리감독자 교육 위탁교육,한국생산성 본부,수료
교육자 18,2023-10-23,2023-10-23,역지사지 갑질근절 소통,사단법인 한국무인기안전협회,수료
교육자 18,2024-09-03,2024-09-06,IoT 취약점 분석과 보안,한국전력거래소,수료
교육자 19,2024-09-25,2024-09-25,명사 초청 특강,한미글로벌,수료
교육자 19,2023-06-29,2023-06-29,생성형AI TF 역량강화 교육,경희대학교,수강
교육자 20,2024-07-03,2024-07-05,생성형AI TF 역량강화 교육,경희대학교,수료
교육자 20,2023-06-29,2023-06-29,생성형AI TF 대상 네이버클라우드 심화교육,네이버,수료
교육자 20,2024-03-08,2024-08-09,신임차장 리더십,인재개발원,수료
교육자 20,2023-11-27,2023-12-15,(감사일반) 감사증거법,감사교육원,수료
교육자 20,2024-05-14,2024-05-14,어플리케이션 중심의 Fabric 통합 모니터링 방안,한국수력원자력,수료
교육자 20,2023-07-20,2023-07-20,한수원 여성관리자 ‘커리어 디자인’ 과정,산업안전보건교육원,수료
교육자 20,2024-09-10,2024-09-10,엑셀 데이터 분석 및 보고서 활용 교육,대한산업안전협회,수료
교육자 21,2023-10-18,2023-10-18,찾아가는 팀소통,인재개발원,수강
교육자 21,2023-05-30,2023-05-30,생성형AI TF 역량강화 교육,경희대학교,수강
교육자 21,2023-12-20,2023-12-22,디지털 피닉스 정기교육,한국원자력안전기술원,수료
교육자 21,2023-09-06,2023-09-08,모바일 앱 기획 및 UX 설계실무,행정안전부,수료
교육자 21,2023-08-21,2023-08-21,디지털 피닉스 정기교육,한국수력원자력,수료
교육자 21,2023-07-12,2023-07-14,(해외위탁교육)ICT분야 신기술 업무 활용을 위한 전문인력 양성,한미글로벌,수료
교육자 21,2023-03-16,2023-03-17,상생포럼 AP* 과정 (ESC경영원) [23기],한국수력원자력,수료
교육자 21,2023-08-02,2023-08-02,찾아가는 팀소통,인재개발원,수강
교육자 21,2023-03-29,2023-03-29,연말정산실무(초급),ABB,수료
교육자 21,2023-04-01,2023-04-30,(감사일반) 사전컨설팅제도,감사교육원,수료
교육자 21,2023-09-20,2023-09-21,경수로(웨스팅하우스형 1000MWe) 원자로조종 면허보수교육(실습6회차),한국원자력안전기술원,수료
교육자 22,2023-06-08,2023-06-08,디지털전환(DX) 실무,ABB,수료
교육자 22,2023-12-08,2023-12-08,생성형AI TF 역량강화 교육,경희대학교,수강
교육자 22,2024-12-26,2024-12-26,생성형AI TF 역량강화 교육,경희대학교,수강
교육자 22,2024-10-22,2024-10-22,디지털전환(DX) 실무,인재개발원,수료
교육자 22,2024-12-30,2024-12-30,[행안부]데이터 활용 역량 강화교육_중급분석,삼성멀티캠퍼스,수료
교육자 22,2024-07-03,2024-07-03,건설사업관리(PM) 기본역량과정(온라인)-6차,한미글로벌,수료
교육자 23,2023-04-18,2023-04-18,(감사일반) 사전컨설팅제도,네이버,수료
교육자 23,2024-06-13,2024-06-13,2023 2차 워크라이프 하모니 교육(미(비)혼),네이버,수료
교육자 23,2023-08-30,2023-09-01,2023년 4회차 핵심전문가 직무개선과제 해결 과정,이음길HR,수료
교육자 23,2024-03-27,2024-03-29,명사 초청 특강,이음길HR,수료
교육자 23,2024-12-18,2024-12-19,사무직무기초 Ⅱ,행정안전부,수료
교육자 24,2024-09-25,2024-09-25,부장리더십,인재개발원,수료
교육자 24,2023-12-11,2023-12-22,디지털전환(DX) 실무,인재개발원,수료
교육자 25,2024-03-19,2024-03-22,찾아가는 팀소통,인재개발원,수료
교육자 25,2024-12-18,2024-12-19,연말정산실무(초급),(재)국제마음훈련원,수료
교육자 25,2024-04-22,2024-04-23,생성형AI TF 역량강화 교육,경희대학교,수강
교육자 26,2024-04-22,2024-04-23,찾아가는 팀소통,인재개발원,수강
교육자 26,2023-08-21,2023-08-21,제16회 원전 계측제어 심포지엄(NuPIC 2024),이음길HR,수료
교육자 26,2023-08-25,2023-10-23,IoT 취약점 분석과 보안,SAP Korea,수료
교육자 26,2023-05-10,2023-05-12,클라우드 컴퓨팅 이해와 분석,대한산업안전협회,수료
교육자 27,2023-06-27,2023-06-30,카이스트 김재철 AI CAIO [7기],한국정보화진흥원,수료
교육자 27,2023-10-11,2023-10-13,생성형AI TF 역량강화 교육,경희대학교,수료
교육자 27,2024-06-20,2024-06-21,경수로(표준형) 원자로조종 면허보수교육(이론13회차),산업통상자원 사이버안전센터,수료
교육자 27,2023-12-01,2023-12-31,중수로 원자로조종 면허보수교육(실습22회차),한국생산성본부,수료
교육자 27,2024-08-12,2024-08-13,신임처장 리더십[e-learning혼합교육],인재개발원,수료
교육자 27,2024-12-18,2024-12-19,생성형AI TF 역량강화 교육,인재개발원,수료
교육자 27,2023-12-01,2023-12-31,찾아가는 팀소통,인재개발원,수강
교육자 27,2024-12-26,2024-12-26,생성형AI TF 역량강화 교육,인재개발원,수료
교육자 27,2023-12-01,2023-12-31,재난안전통신망 사용기관 대상 찾아가는 현장교육,한국수력원자력,수료
교육자 27,2024-06-12,2024-06-12,인공지능 및 빅데이터 활용 인사이트[영광권],이음길HR,수료
교육자 28,2024-12-18,2024-12-19,어플리케이션 중심의 Fabric 통합 모니터링 방안,한국수력원자력,수료
교육자 29,2024-12-18,2024-12-19,생성형AI TF 역량강화 교육,경희대학교,수료
교육자 29,2024-03-27,2024-03-29,건설사업관리(PM) 기본역량과정(온라인)-6차,인재개발원,수강
교육자 29,2024-10-07,2024-10-07,(감사일반) 사전컨설팅제도,감사교육원,수료
교육자 29,2023-04-03,2023-04-03,찾아가는 팀소통,인재개발원,수강
교육자 29,2023-07-03,2023-07-05,어플리케이션 중심의 Fabric 통합 모니터링 방안,한국수력원자력,수료
교육자 30,2022-02-21,2024-02-20,네잎클로바 9월 정기교육,인재개발원,수료
교육자 30,2024-10-24,2024-10-25,(해외위탁교육)ICT분야 신기술 업무 활용을 위한 전문인력 양성,한국원자력안전기술원,수료
교육자 31,2023-03-28,2023-03-29,생성형AI TF 역량강화 교육,경희대학교,수료
교육자 31,2023-06-08,2023-06-08,(감사일반) 자체감사기준 해설,한국전력거래소,수료
교육자 31,2024-09-25,2024-09-25,신임처장 리더십[e-learning혼합교육],인재개발원,수료
교육자 31,2024-05-21,2024-05-21,찾아가는 팀소통,인재개발원,수료
교육자 31,2024-04-22,2024-04-23,찾아가는 팀소통,인재개발원,수료
교육자 31,2024-09-05,2024-12-26,한수원 고급관리자 리더십,한국수력원자력,수강
교육자 31,2024-06-20,2024-06-21,2024년 본사 산업안전 관리감독자 교육(2차),SAP Korea,수료
교육자 31,2023-08-08,2023-08-08,[행안부]데이터 활용 역량 강화교육_중급분석,에이치피러닝,수료
교육자 31,2024-12-18,2024-12-19,신입사원 입문 II,삼성멀티캠퍼스,수료
교육자 32,2023-04-18,2023-04-18,찾아가는 팀소통,인재개발원,수강
교육자 32,2023-04-27,2023-04-28,네잎클로바 9월 정기교육,한국수력원자력,수료
교육자 32,2024-06-12,2024-06-12,클라우드 컴퓨팅 이해와 분석,안전행정부,수료
교육자 32,2023-06-12,2023-06-15,모바일 앱 기획 및 UX 설계실무,한국생산성본부,수료
교육자 32,2023-07-26,2023-07-28,정보통신실무,인재개발원,수료
교육자 32,2024-03-27,2024-03-29,신임차장 리더십,인재개발원,수료
교육자 33,2024-06-25,2024-06-25,클라우드 데이터센터 네트워크 구축 운영관리,인재개발원,수료
교육자 33,2023-10-18,2023-10-18,PMBOK기반의 프로젝트관리전문가(PMP),한국원자력안전기술원,수료
교육자 33,2024-04-22,2024-04-23,실습으로 배우는 네트워크 기술,한국수력원자력,수료
교육자 33,2023-04-18,2023-04-18,어플리케이션 중심의 Fabric 통합 모니터링 방안,한국수력원자력,수료
교육자 33,2023-09-20,2023-09-21,찾아가는 팀소통,인재개발원,수강
교육자 34,2024-01-15,2024-02-09,2023년 데이터 역량강화 교육과정 '초급분석',한국정보화진흥원,수료
교육자 34,2024-02-12,2024-03-15,생성형AI TF 역량강화 교육,경희대학교,수강
교육자 34,2023-12-25,2024-01-12,생성형AI TF 대상 네이버클라우드 심화교육,인재개발원,수료
교육자 34,2024-08-29,2024-08-29,찾아가는 팀소통,한국수력원자력,수강
교육자 34,2024-10-15,2024-10-15,OJT-2(한빛본부/사무)23년02차 대졸 신입사원,한국수력원자력,수강
교육자 34,2024-08-07,2024-08-08,국가회계기준해설 1편(자산 회계),감사교육원,수료
교육자 34,2024-05-30,2024-05-30,신임부장 리더십,인재개발원,수료
교육자 34,2024-04-08,2024-05-10,경수로(표준형) 원자로조종 면허보수교육(실습12회차),삼성멀티캠퍼스,수료
교육자 34,2024-03-25,2024-04-05,제로 트러스트 보안 동향 및 구현 전략,한미글로벌,수료
교육자 35,2023-02-16,2023-02-16,네잎클로바 9월 정기교육,인재개발원,수료
교육자 35,2024-07-03,2024-07-03,태양광발전 전문,한국수력원자력,수료
교육자 36,2024-09-24,2024-09-26,밀폐공간에서의 질식재해 예방,서울대학교,수료
교육자 36,2023-10-18,2023-10-18,"원자로냉각재계통 RTD 및 전송기 시험, 교차교정",(재)국제마음훈련원,수료
교육자 36,2023-09-20,2023-09-21,사업개발 재무기초,안전행정부,수료
교육자 36,2023-02-16,2023-02-16,생성형AI TF 대상 네이버클라우드 심화교육,네이버,수료
교육자 37,2023-04-18,2023-04-18,인공지능 및 빅데이터 활용 인사이트[영광권],이음길HR,수료
교육자 37,2024-06-13,2024-06-13,디지털전환(DX) 실무,인재개발원,수료
교육자 37,2024-10-15,2024-10-18,2023년 본사 산업안전 관리감독자 교육(1차),이음길HR,수료
교육자 37,2024-11-26,2024-11-29,생성형AI TF 역량강화 교육,경희대학교,수강
교육자 38,2023-04-27,2023-04-27,인공지능 및 빅데이터 활용 인사이트[경주권],인재개발원,수료
교육자 38,2024-04-22,2024-04-23,PMO 전문가 과정(19기),대전광역시,수료
교육자 38,2023-09-04,2023-09-08,생성형AI TF 역량강화 교육,경희대학교,수강
교육자 38,2023-12-06,2023-12-08,(해외위탁교육)ICT분야 신기술 업무 활용을 위한 전문인력 양성,인재개발원,수료
교육자 39,2023-09-08,2023-11-06,2023년 1회차 핵심전문가 직무개선과제 해결 과정,한전산업개발(주),수료
교육자 39,2023-08-21,2023-08-21,신임처장 리더십[e-learning혼합교육],인재개발원,수료
교육자 39,2024-09-24,2024-09-26,한수원 고급관리자 리더십,인재개발원,수료
교육자 39,2024-12-02,2024-12-20,KHNP 성과관리의 이해,인재개발원,수료
교육자 39,2023-10-18,2023-10-20,생성형AI TF 역량강화 교육,경희대학교,수강
교육자 39,2023-05-10,2023-05-12,연말정산실무(초급),에이치피러닝,수료
교육자 40,2023-04-28,2023-04-28,태양광발전 전문,인재개발원,수료
교육자 40,2023-03-16,2023-03-16,생성형AI TF 역량강화 교육,경희대학교,수강
교육자 41,2024-04-17,2024-04-19,2023년 본사 산업안전 관리감독자 교육(1차),대한산업안전협회,수료
교육자 41,2024-06-12,2024-06-14,사업개발 전문,삼성멀티캠퍼스,수료
교육자 42,2023-04-06,2023-04-06,실습으로 배우는 네트워크 기술,한국원자력안전기술원,수료
교육자 42,2024-12-18,2024-12-19,공공데이터 평가 및 품질관리 교육,대한산업안전협회,수료
교육자 42,2024-12-02,2024-12-06,찾아가는 팀소통,인재개발원,수강
교육자 42,2023-07-13,2023-07-13,(해외위탁교육)ICT분야 신기술 업무 활용을 위한 전문인력 양성,한국생산성본부,수료
교육자 42,2023-05-18,2023-05-18,신기술의 적용! 챗GPT와 딥러닝 분석,삼성멀티캠퍼스,수료
교육자 42,2023-02-23,2023-02-23,(감사일반) IT 활용 감사기법,감사교육원,수료
교육자 42,2024-09-05,2024-09-06,재생에너지처 비전 공유 워크숍,네이버,수료
교육자 43,2023-04-18,2023-04-18,찾아가는 팀소통,인재개발원,수강
교육자 43,2024-11-20,2024-11-22,찾아가는 팀소통,인재개발원,수강
교육자 43,2024-06-13,2024-06-13,[학습동아리] Android 실습교육 과정,한국바른채용인증원,수료
교육자 43,2024-12-18,2024-12-19,초급 계통운영반(온라인),삼성멀티캠퍼스,수료
교육자 43,2024-09-24,2024-09-26,신임차장 리더십,인재개발원,수료
교육자 44,2023-02-16,2023-02-16,(감사일반) 자체감사기준 해설,감사교육원,수료
교육자 44,2024-06-19,2024-06-19,디지털 피닉스 정기교육,한국수력원자력,수료
교육자 44,2024-11-18,2024-11-23,산업안전보건 관리감독자 법정교육(기타업),대한산업안전협회,수료
교육자 44,2024-08-19,2024-08-20,디지털전환(DX) 실무,인재개발원,수료
교육자 45,2024-05-21,2024-05-22,(감사일반) 사전컨설팅제도,이음길HR,수료
교육자 45,2023-07-18,2023-07-21,부장리더십,삼성멀티캠퍼스,수료
교육자 45,2023-09-06,2023-09-07,어플리케이션 중심의 Fabric 통합 모니터링 방안,한국수력원자력,수료
교육자 45,2024-07-08,2024-09-20,카이스트 김재철 AI CAIO [7기],플랜비디자인,수료
교육자 45,2023-02-20,2023-02-22,DX시대 경영관리를 위한 IT 기획,인재개발원,수료
교육자 45,2024-09-05,2024-09-05,OJT-1(한빛2발/사무)23년2차 대졸,한국수력원자력,수강
교육자 45,2024-07-08,2024-09-20,찾아가는 팀소통,인재개발원,수강
교육자 45,2024-07-08,2024-09-20,생성형AI TF 역량강화 교육,경희대학교,수료
교육자 45,2024-01-22,2024-03-22,신임처장 리더십[e-learning혼합교육],인재개발원,수료
교육자 45,2024-06-20,2024-06-21,겸임강사 양성,산업통상자원 사이버안전센터,수료
교육자 45,2024-07-08,2024-09-20,ENFMS 운영,이음길HR,수료
교육자 45,2024-07-08,2024-09-20,찾아가는 팀소통,인재개발원,수강
교육자 45,2024-06-10,2024-06-10,[새울본부] 2023년 산업안전보건 관리감독자 법정 집합교육(2차),삼성멀티캠퍼스,수료
교육자 46,2022-09-29,2023-01-19,제16회 원전 계측제어 심포지엄(NuPIC 2024),한국정보화진흥원,수료
교육자 46,2024-04-15,2024-04-30,어플리케이션 중심의 Fabric 통합 모니터링 방안,한국수력원자력,수료
교육자 46,2023-08-08,2023-08-08,중수로 원자로조종 면허보수교육(실습22회차),대전광역시,수료
교육자 47,2024-12-18,2024-12-19,전력산업키워드 Top10(온라인),한국원자력안전기술원,수료
교육자 47,2023-09-20,2023-09-21,디지털전환(DX) 실무,인재개발원,수료
교육자 47,2023-05-01,2023-05-04,(하늘수호자) 무인멀티곱터(3종) 국가자격증 과정,한국전력거래소,수료
교육자 47,2023-09-21,2023-09-21,채용전문면접관 2급 자격과정,한국수력원자력,수료
교육자 47,2023-10-18,2023-10-18,생성형AI TF 역량강화 교육,경희대학교,수료
교육자 47,2024-01-23,2024-01-23,찾아가는 팀소통,인재개발원,수강
교육자 48,2024-01-23,2024-01-23,(감사일반) 감사증거법,삼성멀티캠퍼스,수료
교육자 48,2023-11-29,2023-12-01,디지털 피닉스 정기교육(10월),한국수력원자력,수료
교육자 49,2024-12-02,2024-12-20,생성형AI TF 역량강화 교육,경희대학교,수료
교육자 49,2024-01-23,2024-01-23,생성형AI TF 역량강화 교육,경희대학교,수강
교육자 49,2024-04-22,2024-04-23,재무실무,한국수력원자력,수료
교육자 49,2023-09-21,2023-09-21,생성형AI TF 역량강화 교육,경희대학교,수강
교육자 50,2023-10-18,2023-10-18,2024년 퇴직예정자 6차 『진로별 기본교육』,한국전력거래소,수료
교육자 50,2023-02-16,2023-02-16,2023 3차 워크라이프 하모니 교육(초등자녀 과정),한국생산성 본부,수료
교육자 50,2024-09-25,2024-09-25,밀폐공간에서의 질식재해 예방,한국생산성 본부,수료
교육자 50,2024-12-02,2024-12-20,어플리케이션 중심의 Fabric 통합 모니터링 방안,인재개발원,수료
교육자 50,2023-09-20,2023-09-21,생성형AI TF 역량강화 교육,경희대학교,수강
교육자 50,2024-04-22,2024-04-23,생성형AI TF 역량강화 교육,경희대학교,수강
교육자 50,2023-10-18,2023-10-20,생성형AI TF 대상 네이버클라우드 심화교육,네이버,수료
교육자 50,2023-08-28,2023-08-31,상생포럼 AP* 과정 (ESC경영원) [23기],삼성멀티캠퍼스,수료
교육자 50,2024-03-27,2024-03-29,2023 2차 워크라이프 하모니 교육(미(비)혼),인재개발원,수료
교육자 51,2023-07-20,2023-07-20,찾아가는 팀소통,인재개발원,수강
교육자 51,2023-09-18,2023-09-21,신임처장 리더십[e-learning혼합교육],인재개발원,수료
교육자 51,2024-05-16,2024-09-30,(2024년 자기주도) 스마트플랜트 구축 및 해외원전 수출을 위한 최신ICT 기술습득,NAWAH,수료
교육자 51,2024-01-23,2024-01-23,입문자를 위한 IT Infra Structure,한국수력원자력,수료
교육자 51,2024-01-22,2024-02-02,신임처장 리더십[e-learning혼합교육],인재개발원,수료
교육자 51,2024-06-10,2024-10-30,생성형AI TF 역량강화 교육,경희대학교,수강
교육자 52,2023-08-21,2023-08-21,디지털 피닉스 정기교육(10월),한국수력원자력,수료
교육자 52,2024-05-07,2024-05-10,[새울본부] 산업안전보건 관리감독자 교육,대한산업안전협회,수료
교육자 53,2023-02-16,2023-02-16,[학습동아리] 2036 중장기전략 롤링 관련 전문가 초청 강의(1차),한국생산성 본부,수료
교육자 53,2024-09-24,2024-09-26,생성형AI TF 대상 네이버클라우드 심화교육,네이버,수료
교육자 53,2023-06-26,2023-06-30,연말정산실무(초급),한국수력원자력,수료
교육자 54,2023-08-21,2023-08-21,부장리더십,인재개발원,수료
교육자 54,2023-07-03,2023-07-04,(감사일반) 사전컨설팅제도,한국생산성 본부,수료
교육자 54,2023-12-11,2023-12-22,[학습동아리] 2036 중장기전략 롤링 관련 전문가 초청 강의(1차),(주)에스에스테크널러지,수료
교육자 54,2024-12-18,2024-12-19,생성형AI TF 역량강화 교육,경희대학교,수료
교육자 54,2023-08-28,2023-10-26,[행안부]데이터 활용 역량 강화교육_중급분석,인재개발원,수료
교육자 54,2024-03-27,2024-03-29,생성형AI TF 대상 네이버클라우드 심화교육,네이버,수료
교육자 55,2023-12-28,2023-12-28,생성형AI TF 역량강화 교육,경희대학교,수료
교육자 55,2023-07-26,2023-07-26,재무실무,인재개발원,수료
교육자 55,2023-11-05,2023-12-17,PM 전문가 양성('23년 4차),한국생산성본부,수료
교육자 55,2023-07-12,2023-07-14,2024년 본사 산업안전 관리감독자 교육(2차),서울대학교,수료
교육자 56,2023-06-07,2023-06-07,(2024년 자기주도) 스마트플랜트 구축 및 해외원전 수출을 위한 최신ICT 기술습득,NAWAH,수료
교육자 56,2024-09-04,2024-09-04,어플리케이션 중심의 Fabric 통합 모니터링 방안,한국수력원자력,수료
교육자 57,2023-03-10,2023-06-16,(감사일반) 자체감사기준 해설,산업통상자원 사이버안전센터,수료
교육자 57,2024-12-18,2024-12-19,디지털 피닉스 정기교육,한국원자력안전기술원,수료
교육자 57,2024-04-24,2024-04-26,인공지능 및 빅데이터 활용 인사이트[영광권],산업안전보건교육원,수료
교육자 57,2024-10-16,2024-10-18,신임처장 리더십[e-learning혼합교육],서울대학교,수료
교육자 57,2023-04-18,2023-04-18,생성형AI TF 역량강화 교육,경희대학교,수강
교육자 58,2023-09-07,2023-09-08,(2024년 자기주도) 스마트플랜트 구축 및 해외원전 수출을 위한 최신ICT 기술습득,NAWAH,수료
교육자 58,2023-05-22,2023-05-25,생성형AI TF 역량강화 교육,인재개발원,수료
교육자 58,2023-07-24,2023-07-24,[행안부]데이터 활용 역량 강화교육_중급분석,대한산업안전협회,수료
교육자 58,2023-07-06,2023-07-07,디지털 피닉스 정기교육(10월),네이버,수료
교육자 59,2024-01-23,2024-01-23,생성형AI TF 역량강화 교육,경희대학교,수강
교육자 59,2023-09-20,2023-09-21,업무에 바로 쓰는 SQL 활용실습,한국수력원자력,수료
교육자 59,2023-10-18,2023-10-18,찾아가는 팀소통,인재개발원,수강
교육자 59,2023-09-21,2023-09-21,(감사일반) 자체감사기준 해설,감사교육원,수료
교육자 59,2024-09-25,2024-09-25,(2024년 자기주도) 스마트플랜트 구축 및 해외원전 수출을 위한 최신ICT 기술습득,NAWAH,수료
교육자 60,2023-07-18,2023-07-18,차장리더십,인재개발원,수료
교육자 60,2023-11-27,2023-12-15,신임부장 리더십,인재개발원,수강
교육자 60,2024-10-13,2024-10-19,디지털전환(DX) 실무,인재개발원,수료
교육자 60,2024-05-21,2024-05-21,생성형AI TF 역량강화 교육,경희대학교,수강
교육자 60,2024-04-22,2024-04-23,생성형AI TF 역량강화 교육,경희대학교,수료
교육자 60,2023-09-21,2023-09-21,산업안전보건 관리감독자 법정교육(기타업),대한산업안전협회,수료
교육자 60,2024-09-04,2024-09-06,신임부장 리더십,감사교육원,수료
교육자 61,2024-01-23,2024-01-23,(고급) 문서형 악성코드의 이해와 분석 실무,대한산업안전협회,수료
교육자 61,2024-12-18,2024-12-19,OJT-1(한빛2발/사무)23년2차 대졸,한울훈련센터,수료
교육자 61,2023-12-21,2023-12-22,신임부장 리더십,경희대학교,수료
교육자 61,2023-10-18,2023-10-18,실습으로 배우는 네트워크 기술,에이치피러닝,수료
교육자 62,2023-08-22,2023-08-25,CO All: SAP Management Accounting,인재개발원,수료
교육자 62,2024-07-18,2024-07-19,(감사일반) 사전컨설팅제도,감사교육원,수료
교육자 62,2023-07-27,2023-07-28,(2024년 자기주도) 스마트플랜트 구축 및 해외원전 수출을 위한 최신ICT 기술습득,한국수력원자력,수료
교육자 62,2024-09-24,2024-09-27,[학습동아리] Android 실습교육 과정,SAP Korea,수료
교육자 62,2023-11-20,2023-11-20,산업안전보건 관리감독자 법정교육(기타업),한국전력거래소,수료
교육자 62,2024-07-10,2024-07-10,디지털전환(DX) 실무,인재개발원,수료
교육자 63,2023-10-18,2023-10-18,제16회 원전 계측제어 심포지엄(NuPIC 2024),삼성멀티캠퍼스,수료
교육자 63,2024-08-28,2024-08-30,친절 커뮤니케이션 역량 향상,대한산업안전협회,수료
교육자 63,2024-09-25,2024-09-25,생성형AI TF 대상 네이버클라우드 심화교육,인재개발원,수료
교육자 63,2023-02-16,2023-02-16,찾아가는 팀소통,인재개발원,수강
교육자 63,2023-09-20,2023-09-21,신임부장 리더십,인재개발원,수료
교육자 63,2024-04-22,2024-04-23,명사 초청 특강,에이치피러닝,수료
교육자 64,2024-05-13,2024-05-14,산업안전보건 관리감독자 법정교육(기타업),대한산업안전협회,수료
교육자 64,2023-09-01,2023-12-15,생성형AI TF 역량강화 교육,경희대학교,수강
교육자 64,2023-08-21,2023-08-21,모바일 앱 기획 및 UX 설계실무,인재개발원,수료
